semantic_content_id,real_content_id,mapping_status,notes
semantic_v3_q0001,,NEEDS_REAL_CONTENT_ID,Map this semantic seed item to an existing app content_id before importing.
semantic_v3_q0002,,NEEDS_REAL_CONTENT_ID,Map this semantic seed item to an existing app content_id before importing.
semantic_v3_q0003,,NEEDS_REAL_CONTENT_ID,Map this semantic seed item to an existing app content_id before importing.
semantic_v3_q0004,,NEEDS_REAL_CONTENT_ID,Map this semantic seed item to an existing app content_id before importing.
semantic_v3_q0005,,NEEDS_REAL_CONTENT_ID,Map this semantic seed item to an existing app content_id before importing.
semantic_v3_q0006,,NEEDS_REAL_CONTENT_ID,Map this semantic seed item to an existing app content_id before importing.
semantic_v3_q0007,,NEEDS_REAL_CONTENT_ID,Map this semantic seed item to an existing app content_id before importing.
semantic_v3_q0008,,NEEDS_REAL_CONTENT_ID,Map this semantic seed item to an existing app content_id before importing.
semantic_v3_q0009,,NEEDS_REAL_CONTENT_ID,Map this semantic seed item to an existing app content_id before importing.
semantic_v3_q0010,,NEEDS_REAL_CONTENT_ID,Map this semantic seed item to an existing app content_id before importing.
semantic_v3_q0011,,NEEDS_REAL_CONTENT_ID,Map this semantic seed item to an existing app content_id before importing.
semantic_v3_q0012,,NEEDS_REAL_CONTENT_ID,Map this semantic seed item to an existing app content_id before importing.
semantic_v3_q0013,,NEEDS_REAL_CONTENT_ID,Map this semantic seed item to an existing app content_id before importing.
semantic_v3_q0014,,NEEDS_REAL_CONTENT_ID,Map this semantic seed item to an existing app content_id before importing.
semantic_v3_q0015,,NEEDS_REAL_CONTENT_ID,Map this semantic seed item to an existing app content_id before importing.
semantic_v3_q0016,,NEEDS_REAL_CONTENT_ID,Map this semantic seed item to an existing app content_id before importing.
semantic_v3_q0017,,NEEDS_REAL_CONTENT_ID,Map this semantic seed item to an existing app content_id before importing.
semantic_v3_q0018,,NEEDS_REAL_CONTENT_ID,Map this semantic seed item to an existing app content_id before importing.
semantic_v3_q0019,,NEEDS_REAL_CONTENT_ID,Map this semantic seed item to an existing app content_id before importing.
semantic_v3_q0020,,NEEDS_REAL_CONTENT_ID,Map this semantic seed item to an existing app content_id before importing.
semantic_v3_q0021,,NEEDS_REAL_CONTENT_ID,Map this semantic seed item to an existing app content_id before importing.
semantic_v3_q0022,,NEEDS_REAL_CONTENT_ID,Map this semantic seed item to an existing app content_id before importing.
semantic_v3_q0023,,NEEDS_REAL_CONTENT_ID,Map this semantic seed item to an existing app content_id before importing.
semantic_v3_q0024,,NEEDS_REAL_CONTENT_ID,Map this semantic seed item to an existing app content_id before importing.
semantic_v3_q0025,,NEEDS_REAL_CONTENT_ID,Map this semantic seed item to an existing app content_id before importing.
semantic_v3_q0026,,NEEDS_REAL_CONTENT_ID,Map this semantic seed item to an existing app content_id before importing.
semantic_v3_q0027,,NEEDS_REAL_CONTENT_ID,Map this semantic seed item to an existing app content_id before importing.
semantic_v3_q0028,,NEEDS_REAL_CONTENT_ID,Map this semantic seed item to an existing app content_id before importing.
semantic_v3_q0029,,NEEDS_REAL_CONTENT_ID,Map this semantic seed item to an existing app content_id before importing.
semantic_v3_q0030,,NEEDS_REAL_CONTENT_ID,Map this semantic seed item to an existing app content_id before importing.
semantic_v3_q0031,,NEEDS_REAL_CONTENT_ID,Map this semantic seed item to an existing app content_id before importing.
semantic_v3_q0032,,NEEDS_REAL_CONTENT_ID,Map this semantic seed item to an existing app content_id before importing.
semantic_v3_q0033,,NEEDS_REAL_CONTENT_ID,Map this semantic seed item to an existing app content_id before importing.
semantic_v3_q0034,,NEEDS_REAL_CONTENT_ID,Map this semantic seed item to an existing app content_id before importing.
semantic_v3_q0035,,NEEDS_REAL_CONTENT_ID,Map this semantic seed item to an existing app content_id before importing.
semantic_v3_q0036,,NEEDS_REAL_CONTENT_ID,Map this semantic seed item to an existing app content_id before importing.
semantic_v3_q0037,,NEEDS_REAL_CONTENT_ID,Map this semantic seed item to an existing app content_id before importing.
semantic_v3_q0038,,NEEDS_REAL_CONTENT_ID,Map this semantic seed item to an existing app content_id before importing.
semantic_v3_q0039,,NEEDS_REAL_CONTENT_ID,Map this semantic seed item to an existing app content_id before importing.
semantic_v3_q0040,,NEEDS_REAL_CONTENT_ID,Map this semantic seed item to an existing app content_id before importing.
semantic_v3_q0041,,NEEDS_REAL_CONTENT_ID,Map this semantic seed item to an existing app content_id before importing.
semantic_v3_q0042,,NEEDS_REAL_CONTENT_ID,Map this semantic seed item to an existing app content_id before importing.
semantic_v3_q0043,,NEEDS_REAL_CONTENT_ID,Map this semantic seed item to an existing app content_id before importing.
semantic_v3_q0044,,NEEDS_REAL_CONTENT_ID,Map this semantic seed item to an existing app content_id before importing.
semantic_v3_q0045,,NEEDS_REAL_CONTENT_ID,Map this semantic seed item to an existing app content_id before importing.
semantic_v3_q0046,,NEEDS_REAL_CONTENT_ID,Map this semantic seed item to an existing app content_id before importing.
semantic_v3_q0047,,NEEDS_REAL_CONTENT_ID,Map this semantic seed item to an existing app content_id before importing.
semantic_v3_q0048,,NEEDS_REAL_CONTENT_ID,Map this semantic seed item to an existing app content_id before importing.
semantic_v3_q0049,,NEEDS_REAL_CONTENT_ID,Map this semantic seed item to an existing app content_id before importing.
semantic_v3_q0050,,NEEDS_REAL_CONTENT_ID,Map this semantic seed item to an existing app content_id before importing.
semantic_v3_q0051,,NEEDS_REAL_CONTENT_ID,Map this semantic seed item to an existing app content_id before importing.
semantic_v3_q0052,,NEEDS_REAL_CONTENT_ID,Map this semantic seed item to an existing app content_id before importing.
semantic_v3_q0053,,NEEDS_REAL_CONTENT_ID,Map this semantic seed item to an existing app content_id before importing.
semantic_v3_q0054,,NEEDS_REAL_CONTENT_ID,Map this semantic seed item to an existing app content_id before importing.
semantic_v3_q0055,,NEEDS_REAL_CONTENT_ID,Map this semantic seed item to an existing app content_id before importing.
semantic_v3_q0056,,NEEDS_REAL_CONTENT_ID,Map this semantic seed item to an existing app content_id before importing.
semantic_v3_q0057,,NEEDS_REAL_CONTENT_ID,Map this semantic seed item to an existing app content_id before importing.
semantic_v3_q0058,,NEEDS_REAL_CONTENT_ID,Map this semantic seed item to an existing app content_id before importing.
semantic_v3_q0059,,NEEDS_REAL_CONTENT_ID,Map this semantic seed item to an existing app content_id before importing.
semantic_v3_q0060,,NEEDS_REAL_CONTENT_ID,Map this semantic seed item to an existing app content_id before importing.
semantic_v3_q0061,,NEEDS_REAL_CONTENT_ID,Map this semantic seed item to an existing app content_id before importing.
semantic_v3_q0062,,NEEDS_REAL_CONTENT_ID,Map this semantic seed item to an existing app content_id before importing.
semantic_v3_q0063,,NEEDS_REAL_CONTENT_ID,Map this semantic seed item to an existing app content_id before importing.
semantic_v3_q0064,,NEEDS_REAL_CONTENT_ID,Map this semantic seed item to an existing app content_id before importing.
semantic_v3_q0065,,NEEDS_REAL_CONTENT_ID,Map this semantic seed item to an existing app content_id before importing.
semantic_v3_q0066,,NEEDS_REAL_CONTENT_ID,Map this semantic seed item to an existing app content_id before importing.
semantic_v3_q0067,,NEEDS_REAL_CONTENT_ID,Map this semantic seed item to an existing app content_id before importing.
semantic_v3_q0068,,NEEDS_REAL_CONTENT_ID,Map this semantic seed item to an existing app content_id before importing.
semantic_v3_q0069,,NEEDS_REAL_CONTENT_ID,Map this semantic seed item to an existing app content_id before importing.
semantic_v3_q0070,,NEEDS_REAL_CONTENT_ID,Map this semantic seed item to an existing app content_id before importing.
semantic_v3_q0071,,NEEDS_REAL_CONTENT_ID,Map this semantic seed item to an existing app content_id before importing.
semantic_v3_q0072,,NEEDS_REAL_CONTENT_ID,Map this semantic seed item to an existing app content_id before importing.
semantic_v3_q0073,,NEEDS_REAL_CONTENT_ID,Map this semantic seed item to an existing app content_id before importing.
semantic_v3_q0074,,NEEDS_REAL_CONTENT_ID,Map this semantic seed item to an existing app content_id before importing.
semantic_v3_q0075,,NEEDS_REAL_CONTENT_ID,Map this semantic seed item to an existing app content_id before importing.
semantic_v3_q0076,,NEEDS_REAL_CONTENT_ID,Map this semantic seed item to an existing app content_id before importing.
semantic_v3_q0077,,NEEDS_REAL_CONTENT_ID,Map this semantic seed item to an existing app content_id before importing.
semantic_v3_q0078,,NEEDS_REAL_CONTENT_ID,Map this semantic seed item to an existing app content_id before importing.
semantic_v3_q0079,,NEEDS_REAL_CONTENT_ID,Map this semantic seed item to an existing app content_id before importing.
semantic_v3_q0080,,NEEDS_REAL_CONTENT_ID,Map this semantic seed item to an existing app content_id before importing.
semantic_v3_q0081,,NEEDS_REAL_CONTENT_ID,Map this semantic seed item to an existing app content_id before importing.
semantic_v3_q0082,,NEEDS_REAL_CONTENT_ID,Map this semantic seed item to an existing app content_id before importing.
semantic_v3_q0083,,NEEDS_REAL_CONTENT_ID,Map this semantic seed item to an existing app content_id before importing.
semantic_v3_q0084,,NEEDS_REAL_CONTENT_ID,Map this semantic seed item to an existing app content_id before importing.
semantic_v3_q0085,,NEEDS_REAL_CONTENT_ID,Map this semantic seed item to an existing app content_id before importing.
semantic_v3_q0086,,NEEDS_REAL_CONTENT_ID,Map this semantic seed item to an existing app content_id before importing.
semantic_v3_q0087,,NEEDS_REAL_CONTENT_ID,Map this semantic seed item to an existing app content_id before importing.
semantic_v3_q0088,,NEEDS_REAL_CONTENT_ID,Map this semantic seed item to an existing app content_id before importing.
semantic_v3_q0089,,NEEDS_REAL_CONTENT_ID,Map this semantic seed item to an existing app content_id before importing.
semantic_v3_q0090,,NEEDS_REAL_CONTENT_ID,Map this semantic seed item to an existing app content_id before importing.
semantic_v3_q0091,,NEEDS_REAL_CONTENT_ID,Map this semantic seed item to an existing app content_id before importing.
semantic_v3_q0092,,NEEDS_REAL_CONTENT_ID,Map this semantic seed item to an existing app content_id before importing.
semantic_v3_q0093,,NEEDS_REAL_CONTENT_ID,Map this semantic seed item to an existing app content_id before importing.
semantic_v3_q0094,,NEEDS_REAL_CONTENT_ID,Map this semantic seed item to an existing app content_id before importing.
semantic_v3_q0095,,NEEDS_REAL_CONTENT_ID,Map this semantic seed item to an existing app content_id before importing.
semantic_v3_q0096,,NEEDS_REAL_CONTENT_ID,Map this semantic seed item to an existing app content_id before importing.
semantic_v3_q0097,,NEEDS_REAL_CONTENT_ID,Map this semantic seed item to an existing app content_id before importing.
semantic_v3_q0098,,NEEDS_REAL_CONTENT_ID,Map this semantic seed item to an existing app content_id before importing.
semantic_v3_q0099,,NEEDS_REAL_CONTENT_ID,Map this semantic seed item to an existing app content_id before importing.
semantic_v3_q0100,,NEEDS_REAL_CONTENT_ID,Map this semantic seed item to an existing app content_id before importing.
semantic_v3_q0101,,NEEDS_REAL_CONTENT_ID,Map this semantic seed item to an existing app content_id before importing.
semantic_v3_q0102,,NEEDS_REAL_CONTENT_ID,Map this semantic seed item to an existing app content_id before importing.
semantic_v3_q0103,,NEEDS_REAL_CONTENT_ID,Map this semantic seed item to an existing app content_id before importing.
semantic_v3_q0104,,NEEDS_REAL_CONTENT_ID,Map this semantic seed item to an existing app content_id before importing.
semantic_v3_q0105,,NEEDS_REAL_CONTENT_ID,Map this semantic seed item to an existing app content_id before importing.
semantic_v3_q0106,,NEEDS_REAL_CONTENT_ID,Map this semantic seed item to an existing app content_id before importing.
semantic_v3_q0107,,NEEDS_REAL_CONTENT_ID,Map this semantic seed item to an existing app content_id before importing.
semantic_v3_q0108,,NEEDS_REAL_CONTENT_ID,Map this semantic seed item to an existing app content_id before importing.
semantic_v3_q0109,,NEEDS_REAL_CONTENT_ID,Map this semantic seed item to an existing app content_id before importing.
semantic_v3_q0110,,NEEDS_REAL_CONTENT_ID,Map this semantic seed item to an existing app content_id before importing.
semantic_v3_q0111,,NEEDS_REAL_CONTENT_ID,Map this semantic seed item to an existing app content_id before importing.
semantic_v3_q0112,,NEEDS_REAL_CONTENT_ID,Map this semantic seed item to an existing app content_id before importing.
semantic_v3_q0113,,NEEDS_REAL_CONTENT_ID,Map this semantic seed item to an existing app content_id before importing.
semantic_v3_q0114,,NEEDS_REAL_CONTENT_ID,Map this semantic seed item to an existing app content_id before importing.
semantic_v3_q0115,,NEEDS_REAL_CONTENT_ID,Map this semantic seed item to an existing app content_id before importing.
semantic_v3_q0116,,NEEDS_REAL_CONTENT_ID,Map this semantic seed item to an existing app content_id before importing.
semantic_v3_q0117,,NEEDS_REAL_CONTENT_ID,Map this semantic seed item to an existing app content_id before importing.
semantic_v3_q0118,,NEEDS_REAL_CONTENT_ID,Map this semantic seed item to an existing app content_id before importing.
semantic_v3_q0119,,NEEDS_REAL_CONTENT_ID,Map this semantic seed item to an existing app content_id before importing.
semantic_v3_q0120,,NEEDS_REAL_CONTENT_ID,Map this semantic seed item to an existing app content_id before importing.
semantic_v3_q0121,,NEEDS_REAL_CONTENT_ID,Map this semantic seed item to an existing app content_id before importing.
semantic_v3_q0122,,NEEDS_REAL_CONTENT_ID,Map this semantic seed item to an existing app content_id before importing.
semantic_v3_q0123,,NEEDS_REAL_CONTENT_ID,Map this semantic seed item to an existing app content_id before importing.
semantic_v3_q0124,,NEEDS_REAL_CONTENT_ID,Map this semantic seed item to an existing app content_id before importing.
semantic_v3_q0125,,NEEDS_REAL_CONTENT_ID,Map this semantic seed item to an existing app content_id before importing.
semantic_v3_q0126,,NEEDS_REAL_CONTENT_ID,Map this semantic seed item to an existing app content_id before importing.
semantic_v3_q0127,,NEEDS_REAL_CONTENT_ID,Map this semantic seed item to an existing app content_id before importing.
semantic_v3_q0128,,NEEDS_REAL_CONTENT_ID,Map this semantic seed item to an existing app content_id before importing.
semantic_v3_q0129,,NEEDS_REAL_CONTENT_ID,Map this semantic seed item to an existing app content_id before importing.
semantic_v3_q0130,,NEEDS_REAL_CONTENT_ID,Map this semantic seed item to an existing app content_id before importing.
semantic_v3_q0131,,NEEDS_REAL_CONTENT_ID,Map this semantic seed item to an existing app content_id before importing.
semantic_v3_q0132,,NEEDS_REAL_CONTENT_ID,Map this semantic seed item to an existing app content_id before importing.
semantic_v3_q0133,,NEEDS_REAL_CONTENT_ID,Map this semantic seed item to an existing app content_id before importing.
semantic_v3_q0134,,NEEDS_REAL_CONTENT_ID,Map this semantic seed item to an existing app content_id before importing.
semantic_v3_q0135,,NEEDS_REAL_CONTENT_ID,Map this semantic seed item to an existing app content_id before importing.
semantic_v3_q0136,,NEEDS_REAL_CONTENT_ID,Map this semantic seed item to an existing app content_id before importing.
semantic_v3_q0137,,NEEDS_REAL_CONTENT_ID,Map this semantic seed item to an existing app content_id before importing.
semantic_v3_q0138,,NEEDS_REAL_CONTENT_ID,Map this semantic seed item to an existing app content_id before importing.
semantic_v3_q0139,,NEEDS_REAL_CONTENT_ID,Map this semantic seed item to an existing app content_id before importing.
semantic_v3_q0140,,NEEDS_REAL_CONTENT_ID,Map this semantic seed item to an existing app content_id before importing.
semantic_v3_q0141,,NEEDS_REAL_CONTENT_ID,Map this semantic seed item to an existing app content_id before importing.
semantic_v3_q0142,,NEEDS_REAL_CONTENT_ID,Map this semantic seed item to an existing app content_id before importing.
semantic_v3_q0143,,NEEDS_REAL_CONTENT_ID,Map this semantic seed item to an existing app content_id before importing.
semantic_v3_q0144,,NEEDS_REAL_CONTENT_ID,Map this semantic seed item to an existing app content_id before importing.
semantic_v3_q0145,,NEEDS_REAL_CONTENT_ID,Map this semantic seed item to an existing app content_id before importing.
semantic_v3_q0146,,NEEDS_REAL_CONTENT_ID,Map this semantic seed item to an existing app content_id before importing.
semantic_v3_q0147,,NEEDS_REAL_CONTENT_ID,Map this semantic seed item to an existing app content_id before importing.
semantic_v3_q0148,,NEEDS_REAL_CONTENT_ID,Map this semantic seed item to an existing app content_id before importing.
semantic_v3_q0149,,NEEDS_REAL_CONTENT_ID,Map this semantic seed item to an existing app content_id before importing.
semantic_v3_q0150,,NEEDS_REAL_CONTENT_ID,Map this semantic seed item to an existing app content_id before importing.
semantic_v3_q0151,,NEEDS_REAL_CONTENT_ID,Map this semantic seed item to an existing app content_id before importing.
semantic_v3_q0152,,NEEDS_REAL_CONTENT_ID,Map this semantic seed item to an existing app content_id before importing.
semantic_v3_q0153,,NEEDS_REAL_CONTENT_ID,Map this semantic seed item to an existing app content_id before importing.
semantic_v3_q0154,,NEEDS_REAL_CONTENT_ID,Map this semantic seed item to an existing app content_id before importing.
semantic_v3_q0155,,NEEDS_REAL_CONTENT_ID,Map this semantic seed item to an existing app content_id before importing.
semantic_v3_q0156,,NEEDS_REAL_CONTENT_ID,Map this semantic seed item to an existing app content_id before importing.
semantic_v3_q0157,,NEEDS_REAL_CONTENT_ID,Map this semantic seed item to an existing app content_id before importing.
semantic_v3_q0158,,NEEDS_REAL_CONTENT_ID,Map this semantic seed item to an existing app content_id before importing.
semantic_v3_q0159,,NEEDS_REAL_CONTENT_ID,Map this semantic seed item to an existing app content_id before importing.
semantic_v3_q0160,,NEEDS_REAL_CONTENT_ID,Map this semantic seed item to an existing app content_id before importing.
semantic_v3_q0161,,NEEDS_REAL_CONTENT_ID,Map this semantic seed item to an existing app content_id before importing.
semantic_v3_q0162,,NEEDS_REAL_CONTENT_ID,Map this semantic seed item to an existing app content_id before importing.
semantic_v3_q0163,,NEEDS_REAL_CONTENT_ID,Map this semantic seed item to an existing app content_id before importing.
semantic_v3_q0164,,NEEDS_REAL_CONTENT_ID,Map this semantic seed item to an existing app content_id before importing.
semantic_v3_q0165,,NEEDS_REAL_CONTENT_ID,Map this semantic seed item to an existing app content_id before importing.
semantic_v3_q0166,,NEEDS_REAL_CONTENT_ID,Map this semantic seed item to an existing app content_id before importing.
semantic_v3_q0167,,NEEDS_REAL_CONTENT_ID,Map this semantic seed item to an existing app content_id before importing.
semantic_v3_q0168,,NEEDS_REAL_CONTENT_ID,Map this semantic seed item to an existing app content_id before importing.
semantic_v3_q0169,,NEEDS_REAL_CONTENT_ID,Map this semantic seed item to an existing app content_id before importing.
semantic_v3_q0170,,NEEDS_REAL_CONTENT_ID,Map this semantic seed item to an existing app content_id before importing.
semantic_v3_q0171,,NEEDS_REAL_CONTENT_ID,Map this semantic seed item to an existing app content_id before importing.
semantic_v3_q0172,,NEEDS_REAL_CONTENT_ID,Map this semantic seed item to an existing app content_id before importing.
semantic_v3_q0173,,NEEDS_REAL_CONTENT_ID,Map this semantic seed item to an existing app content_id before importing.
semantic_v3_q0174,,NEEDS_REAL_CONTENT_ID,Map this semantic seed item to an existing app content_id before importing.
semantic_v3_q0175,,NEEDS_REAL_CONTENT_ID,Map this semantic seed item to an existing app content_id before importing.
semantic_v3_q0176,,NEEDS_REAL_CONTENT_ID,Map this semantic seed item to an existing app content_id before importing.
semantic_v3_q0177,,NEEDS_REAL_CONTENT_ID,Map this semantic seed item to an existing app content_id before importing.
semantic_v3_q0178,,NEEDS_REAL_CONTENT_ID,Map this semantic seed item to an existing app content_id before importing.
semantic_v3_q0179,,NEEDS_REAL_CONTENT_ID,Map this semantic seed item to an existing app content_id before importing.
semantic_v3_q0180,,NEEDS_REAL_CONTENT_ID,Map this semantic seed item to an existing app content_id before importing.
semantic_v3_q0181,,NEEDS_REAL_CONTENT_ID,Map this semantic seed item to an existing app content_id before importing.
semantic_v3_q0182,,NEEDS_REAL_CONTENT_ID,Map this semantic seed item to an existing app content_id before importing.
semantic_v3_q0183,,NEEDS_REAL_CONTENT_ID,Map this semantic seed item to an existing app content_id before importing.
semantic_v3_q0184,,NEEDS_REAL_CONTENT_ID,Map this semantic seed item to an existing app content_id before importing.
semantic_v3_q0185,,NEEDS_REAL_CONTENT_ID,Map this semantic seed item to an existing app content_id before importing.
semantic_v3_q0186,,NEEDS_REAL_CONTENT_ID,Map this semantic seed item to an existing app content_id before importing.
semantic_v3_q0187,,NEEDS_REAL_CONTENT_ID,Map this semantic seed item to an existing app content_id before importing.
semantic_v3_q0188,,NEEDS_REAL_CONTENT_ID,Map this semantic seed item to an existing app content_id before importing.
semantic_v3_q0189,,NEEDS_REAL_CONTENT_ID,Map this semantic seed item to an existing app content_id before importing.
semantic_v3_q0190,,NEEDS_REAL_CONTENT_ID,Map this semantic seed item to an existing app content_id before importing.
semantic_v3_q0191,,NEEDS_REAL_CONTENT_ID,Map this semantic seed item to an existing app content_id before importing.
semantic_v3_q0192,,NEEDS_REAL_CONTENT_ID,Map this semantic seed item to an existing app content_id before importing.
semantic_v3_q0193,,NEEDS_REAL_CONTENT_ID,Map this semantic seed item to an existing app content_id before importing.
semantic_v3_q0194,,NEEDS_REAL_CONTENT_ID,Map this semantic seed item to an existing app content_id before importing.
semantic_v3_q0195,,NEEDS_REAL_CONTENT_ID,Map this semantic seed item to an existing app content_id before importing.
semantic_v3_q0196,,NEEDS_REAL_CONTENT_ID,Map this semantic seed item to an existing app content_id before importing.
semantic_v3_q0197,,NEEDS_REAL_CONTENT_ID,Map this semantic seed item to an existing app content_id before importing.
semantic_v3_q0198,,NEEDS_REAL_CONTENT_ID,Map this semantic seed item to an existing app content_id before importing.
semantic_v3_q0199,,NEEDS_REAL_CONTENT_ID,Map this semantic seed item to an existing app content_id before importing.
semantic_v3_q0200,,NEEDS_REAL_CONTENT_ID,Map this semantic seed item to an existing app content_id before importing.
semantic_v3_q0201,,NEEDS_REAL_CONTENT_ID,Map this semantic seed item to an existing app content_id before importing.
semantic_v3_q0202,,NEEDS_REAL_CONTENT_ID,Map this semantic seed item to an existing app content_id before importing.
semantic_v3_q0203,,NEEDS_REAL_CONTENT_ID,Map this semantic seed item to an existing app content_id before importing.
semantic_v3_q0204,,NEEDS_REAL_CONTENT_ID,Map this semantic seed item to an existing app content_id before importing.
semantic_v3_q0205,,NEEDS_REAL_CONTENT_ID,Map this semantic seed item to an existing app content_id before importing.
semantic_v3_q0206,,NEEDS_REAL_CONTENT_ID,Map this semantic seed item to an existing app content_id before importing.
semantic_v3_q0207,,NEEDS_REAL_CONTENT_ID,Map this semantic seed item to an existing app content_id before importing.
semantic_v3_q0208,,NEEDS_REAL_CONTENT_ID,Map this semantic seed item to an existing app content_id before importing.
semantic_v3_q0209,,NEEDS_REAL_CONTENT_ID,Map this semantic seed item to an existing app content_id before importing.
semantic_v3_q0210,,NEEDS_REAL_CONTENT_ID,Map this semantic seed item to an existing app content_id before importing.
semantic_v3_q0211,,NEEDS_REAL_CONTENT_ID,Map this semantic seed item to an existing app content_id before importing.
semantic_v3_q0212,,NEEDS_REAL_CONTENT_ID,Map this semantic seed item to an existing app content_id before importing.
semantic_v3_q0213,,NEEDS_REAL_CONTENT_ID,Map this semantic seed item to an existing app content_id before importing.
semantic_v3_q0214,,NEEDS_REAL_CONTENT_ID,Map this semantic seed item to an existing app content_id before importing.
semantic_v3_q0215,,NEEDS_REAL_CONTENT_ID,Map this semantic seed item to an existing app content_id before importing.
semantic_v3_q0216,,NEEDS_REAL_CONTENT_ID,Map this semantic seed item to an existing app content_id before importing.
semantic_v3_q0217,,NEEDS_REAL_CONTENT_ID,Map this semantic seed item to an existing app content_id before importing.
semantic_v3_q0218,,NEEDS_REAL_CONTENT_ID,Map this semantic seed item to an existing app content_id before importing.
semantic_v3_q0219,,NEEDS_REAL_CONTENT_ID,Map this semantic seed item to an existing app content_id before importing.
semantic_v3_q0220,,NEEDS_REAL_CONTENT_ID,Map this semantic seed item to an existing app content_id before importing.
semantic_v3_q0221,,NEEDS_REAL_CONTENT_ID,Map this semantic seed item to an existing app content_id before importing.
semantic_v3_q0222,,NEEDS_REAL_CONTENT_ID,Map this semantic seed item to an existing app content_id before importing.
semantic_v3_q0223,,NEEDS_REAL_CONTENT_ID,Map this semantic seed item to an existing app content_id before importing.
semantic_v3_q0224,,NEEDS_REAL_CONTENT_ID,Map this semantic seed item to an existing app content_id before importing.
semantic_v3_q0225,,NEEDS_REAL_CONTENT_ID,Map this semantic seed item to an existing app content_id before importing.
semantic_v3_q0226,,NEEDS_REAL_CONTENT_ID,Map this semantic seed item to an existing app content_id before importing.
semantic_v3_q0227,,NEEDS_REAL_CONTENT_ID,Map this semantic seed item to an existing app content_id before importing.
semantic_v3_q0228,,NEEDS_REAL_CONTENT_ID,Map this semantic seed item to an existing app content_id before importing.
semantic_v3_q0229,,NEEDS_REAL_CONTENT_ID,Map this semantic seed item to an existing app content_id before importing.
semantic_v3_q0230,,NEEDS_REAL_CONTENT_ID,Map this semantic seed item to an existing app content_id before importing.
semantic_v3_q0231,,NEEDS_REAL_CONTENT_ID,Map this semantic seed item to an existing app content_id before importing.
semantic_v3_q0232,,NEEDS_REAL_CONTENT_ID,Map this semantic seed item to an existing app content_id before importing.
semantic_v3_q0233,,NEEDS_REAL_CONTENT_ID,Map this semantic seed item to an existing app content_id before importing.
semantic_v3_q0234,,NEEDS_REAL_CONTENT_ID,Map this semantic seed item to an existing app content_id before importing.
semantic_v3_q0235,,NEEDS_REAL_CONTENT_ID,Map this semantic seed item to an existing app content_id before importing.
semantic_v3_q0236,,NEEDS_REAL_CONTENT_ID,Map this semantic seed item to an existing app content_id before importing.
semantic_v3_q0237,,NEEDS_REAL_CONTENT_ID,Map this semantic seed item to an existing app content_id before importing.
semantic_v3_q0238,,NEEDS_REAL_CONTENT_ID,Map this semantic seed item to an existing app content_id before importing.
semantic_v3_q0239,,NEEDS_REAL_CONTENT_ID,Map this semantic seed item to an existing app content_id before importing.
semantic_v3_q0240,,NEEDS_REAL_CONTENT_ID,Map this semantic seed item to an existing app content_id before importing.
semantic_v3_q0241,,NEEDS_REAL_CONTENT_ID,Map this semantic seed item to an existing app content_id before importing.
semantic_v3_q0242,,NEEDS_REAL_CONTENT_ID,Map this semantic seed item to an existing app content_id before importing.
semantic_v3_q0243,,NEEDS_REAL_CONTENT_ID,Map this semantic seed item to an existing app content_id before importing.
semantic_v3_q0244,,NEEDS_REAL_CONTENT_ID,Map this semantic seed item to an existing app content_id before importing.
semantic_v3_q0245,,NEEDS_REAL_CONTENT_ID,Map this semantic seed item to an existing app content_id before importing.
semantic_v3_q0246,,NEEDS_REAL_CONTENT_ID,Map this semantic seed item to an existing app content_id before importing.
semantic_v3_q0247,,NEEDS_REAL_CONTENT_ID,Map this semantic seed item to an existing app content_id before importing.
semantic_v3_q0248,,NEEDS_REAL_CONTENT_ID,Map this semantic seed item to an existing app content_id before importing.
semantic_v3_q0249,,NEEDS_REAL_CONTENT_ID,Map this semantic seed item to an existing app content_id before importing.
semantic_v3_q0250,,NEEDS_REAL_CONTENT_ID,Map this semantic seed item to an existing app content_id before importing.
semantic_v3_q0251,,NEEDS_REAL_CONTENT_ID,Map this semantic seed item to an existing app content_id before importing.
semantic_v3_q0252,,NEEDS_REAL_CONTENT_ID,Map this semantic seed item to an existing app content_id before importing.
semantic_v3_q0253,,NEEDS_REAL_CONTENT_ID,Map this semantic seed item to an existing app content_id before importing.
semantic_v3_q0254,,NEEDS_REAL_CONTENT_ID,Map this semantic seed item to an existing app content_id before importing.
semantic_v3_q0255,,NEEDS_REAL_CONTENT_ID,Map this semantic seed item to an existing app content_id before importing.
semantic_v3_q0256,,NEEDS_REAL_CONTENT_ID,Map this semantic seed item to an existing app content_id before importing.
semantic_v3_q0257,,NEEDS_REAL_CONTENT_ID,Map this semantic seed item to an existing app content_id before importing.
semantic_v3_q0258,,NEEDS_REAL_CONTENT_ID,Map this semantic seed item to an existing app content_id before importing.
semantic_v3_q0259,,NEEDS_REAL_CONTENT_ID,Map this semantic seed item to an existing app content_id before importing.
semantic_v3_q0260,,NEEDS_REAL_CONTENT_ID,Map this semantic seed item to an existing app content_id before importing.
semantic_v3_q0261,,NEEDS_REAL_CONTENT_ID,Map this semantic seed item to an existing app content_id before importing.
semantic_v3_q0262,,NEEDS_REAL_CONTENT_ID,Map this semantic seed item to an existing app content_id before importing.
semantic_v3_q0263,,NEEDS_REAL_CONTENT_ID,Map this semantic seed item to an existing app content_id before importing.
semantic_v3_q0264,,NEEDS_REAL_CONTENT_ID,Map this semantic seed item to an existing app content_id before importing.
semantic_v3_q0265,,NEEDS_REAL_CONTENT_ID,Map this semantic seed item to an existing app content_id before importing.
semantic_v3_q0266,,NEEDS_REAL_CONTENT_ID,Map this semantic seed item to an existing app content_id before importing.
semantic_v3_q0267,,NEEDS_REAL_CONTENT_ID,Map this semantic seed item to an existing app content_id before importing.
semantic_v3_q0268,,NEEDS_REAL_CONTENT_ID,Map this semantic seed item to an existing app content_id before importing.
semantic_v3_q0269,,NEEDS_REAL_CONTENT_ID,Map this semantic seed item to an existing app content_id before importing.
semantic_v3_q0270,,NEEDS_REAL_CONTENT_ID,Map this semantic seed item to an existing app content_id before importing.
semantic_v3_q0271,,NEEDS_REAL_CONTENT_ID,Map this semantic seed item to an existing app content_id before importing.
semantic_v3_q0272,,NEEDS_REAL_CONTENT_ID,Map this semantic seed item to an existing app content_id before importing.
semantic_v3_q0273,,NEEDS_REAL_CONTENT_ID,Map this semantic seed item to an existing app content_id before importing.
semantic_v3_q0274,,NEEDS_REAL_CONTENT_ID,Map this semantic seed item to an existing app content_id before importing.
semantic_v3_q0275,,NEEDS_REAL_CONTENT_ID,Map this semantic seed item to an existing app content_id before importing.
semantic_v3_q0276,,NEEDS_REAL_CONTENT_ID,Map this semantic seed item to an existing app content_id before importing.
semantic_v3_q0277,,NEEDS_REAL_CONTENT_ID,Map this semantic seed item to an existing app content_id before importing.
semantic_v3_q0278,,NEEDS_REAL_CONTENT_ID,Map this semantic seed item to an existing app content_id before importing.
semantic_v3_q0279,,NEEDS_REAL_CONTENT_ID,Map this semantic seed item to an existing app content_id before importing.
semantic_v3_q0280,,NEEDS_REAL_CONTENT_ID,Map this semantic seed item to an existing app content_id before importing.
semantic_v3_q0281,,NEEDS_REAL_CONTENT_ID,Map this semantic seed item to an existing app content_id before importing.
semantic_v3_q0282,,NEEDS_REAL_CONTENT_ID,Map this semantic seed item to an existing app content_id before importing.
semantic_v3_q0283,,NEEDS_REAL_CONTENT_ID,Map this semantic seed item to an existing app content_id before importing.
semantic_v3_q0284,,NEEDS_REAL_CONTENT_ID,Map this semantic seed item to an existing app content_id before importing.
semantic_v3_q0285,,NEEDS_REAL_CONTENT_ID,Map this semantic seed item to an existing app content_id before importing.
semantic_v3_q0286,,NEEDS_REAL_CONTENT_ID,Map this semantic seed item to an existing app content_id before importing.
semantic_v3_q0287,,NEEDS_REAL_CONTENT_ID,Map this semantic seed item to an existing app content_id before importing.
semantic_v3_q0288,,NEEDS_REAL_CONTENT_ID,Map this semantic seed item to an existing app content_id before importing.
semantic_v3_q0289,,NEEDS_REAL_CONTENT_ID,Map this semantic seed item to an existing app content_id before importing.
semantic_v3_q0290,,NEEDS_REAL_CONTENT_ID,Map this semantic seed item to an existing app content_id before importing.
semantic_v3_q0291,,NEEDS_REAL_CONTENT_ID,Map this semantic seed item to an existing app content_id before importing.
semantic_v3_q0292,,NEEDS_REAL_CONTENT_ID,Map this semantic seed item to an existing app content_id before importing.
semantic_v3_q0293,,NEEDS_REAL_CONTENT_ID,Map this semantic seed item to an existing app content_id before importing.
semantic_v3_q0294,,NEEDS_REAL_CONTENT_ID,Map this semantic seed item to an existing app content_id before importing.
semantic_v3_q0295,,NEEDS_REAL_CONTENT_ID,Map this semantic seed item to an existing app content_id before importing.
semantic_v3_q0296,,NEEDS_REAL_CONTENT_ID,Map this semantic seed item to an existing app content_id before importing.
semantic_v3_q0297,,NEEDS_REAL_CONTENT_ID,Map this semantic seed item to an existing app content_id before importing.
semantic_v3_q0298,,NEEDS_REAL_CONTENT_ID,Map this semantic seed item to an existing app content_id before importing.
semantic_v3_q0299,,NEEDS_REAL_CONTENT_ID,Map this semantic seed item to an existing app content_id before importing.
semantic_v3_q0300,,NEEDS_REAL_CONTENT_ID,Map this semantic seed item to an existing app content_id before importing.
semantic_v3_q0301,,NEEDS_REAL_CONTENT_ID,Map this semantic seed item to an existing app content_id before importing.
semantic_v3_q0302,,NEEDS_REAL_CONTENT_ID,Map this semantic seed item to an existing app content_id before importing.
semantic_v3_q0303,,NEEDS_REAL_CONTENT_ID,Map this semantic seed item to an existing app content_id before importing.
semantic_v3_q0304,,NEEDS_REAL_CONTENT_ID,Map this semantic seed item to an existing app content_id before importing.
semantic_v3_q0305,,NEEDS_REAL_CONTENT_ID,Map this semantic seed item to an existing app content_id before importing.
semantic_v3_q0306,,NEEDS_REAL_CONTENT_ID,Map this semantic seed item to an existing app content_id before importing.
semantic_v3_q0307,,NEEDS_REAL_CONTENT_ID,Map this semantic seed item to an existing app content_id before importing.
semantic_v3_q0308,,NEEDS_REAL_CONTENT_ID,Map this semantic seed item to an existing app content_id before importing.
semantic_v3_q0309,,NEEDS_REAL_CONTENT_ID,Map this semantic seed item to an existing app content_id before importing.
semantic_v3_q0310,,NEEDS_REAL_CONTENT_ID,Map this semantic seed item to an existing app content_id before importing.
semantic_v3_q0311,,NEEDS_REAL_CONTENT_ID,Map this semantic seed item to an existing app content_id before importing.
semantic_v3_q0312,,NEEDS_REAL_CONTENT_ID,Map this semantic seed item to an existing app content_id before importing.
semantic_v3_q0313,,NEEDS_REAL_CONTENT_ID,Map this semantic seed item to an existing app content_id before importing.
semantic_v3_q0314,,NEEDS_REAL_CONTENT_ID,Map this semantic seed item to an existing app content_id before importing.
semantic_v3_q0315,,NEEDS_REAL_CONTENT_ID,Map this semantic seed item to an existing app content_id before importing.
semantic_v3_q0316,,NEEDS_REAL_CONTENT_ID,Map this semantic seed item to an existing app content_id before importing.
semantic_v3_q0317,,NEEDS_REAL_CONTENT_ID,Map this semantic seed item to an existing app content_id before importing.
semantic_v3_q0318,,NEEDS_REAL_CONTENT_ID,Map this semantic seed item to an existing app content_id before importing.
semantic_v3_q0319,,NEEDS_REAL_CONTENT_ID,Map this semantic seed item to an existing app content_id before importing.
semantic_v3_q0320,,NEEDS_REAL_CONTENT_ID,Map this semantic seed item to an existing app content_id before importing.
semantic_v3_q0321,,NEEDS_REAL_CONTENT_ID,Map this semantic seed item to an existing app content_id before importing.
semantic_v3_q0322,,NEEDS_REAL_CONTENT_ID,Map this semantic seed item to an existing app content_id before importing.
semantic_v3_q0323,,NEEDS_REAL_CONTENT_ID,Map this semantic seed item to an existing app content_id before importing.
semantic_v3_q0324,,NEEDS_REAL_CONTENT_ID,Map this semantic seed item to an existing app content_id before importing.
semantic_v3_q0325,,NEEDS_REAL_CONTENT_ID,Map this semantic seed item to an existing app content_id before importing.
semantic_v3_q0326,,NEEDS_REAL_CONTENT_ID,Map this semantic seed item to an existing app content_id before importing.
semantic_v3_q0327,,NEEDS_REAL_CONTENT_ID,Map this semantic seed item to an existing app content_id before importing.
semantic_v3_q0328,,NEEDS_REAL_CONTENT_ID,Map this semantic seed item to an existing app content_id before importing.
semantic_v3_q0329,,NEEDS_REAL_CONTENT_ID,Map this semantic seed item to an existing app content_id before importing.
semantic_v3_q0330,,NEEDS_REAL_CONTENT_ID,Map this semantic seed item to an existing app content_id before importing.
semantic_v3_q0331,,NEEDS_REAL_CONTENT_ID,Map this semantic seed item to an existing app content_id before importing.
semantic_v3_q0332,,NEEDS_REAL_CONTENT_ID,Map this semantic seed item to an existing app content_id before importing.
semantic_v3_q0333,,NEEDS_REAL_CONTENT_ID,Map this semantic seed item to an existing app content_id before importing.
semantic_v3_q0334,,NEEDS_REAL_CONTENT_ID,Map this semantic seed item to an existing app content_id before importing.
semantic_v3_q0335,,NEEDS_REAL_CONTENT_ID,Map this semantic seed item to an existing app content_id before importing.
semantic_v3_q0336,,NEEDS_REAL_CONTENT_ID,Map this semantic seed item to an existing app content_id before importing.
semantic_v3_q0337,,NEEDS_REAL_CONTENT_ID,Map this semantic seed item to an existing app content_id before importing.
semantic_v3_q0338,,NEEDS_REAL_CONTENT_ID,Map this semantic seed item to an existing app content_id before importing.
semantic_v3_q0339,,NEEDS_REAL_CONTENT_ID,Map this semantic seed item to an existing app content_id before importing.
semantic_v3_q0340,,NEEDS_REAL_CONTENT_ID,Map this semantic seed item to an existing app content_id before importing.
semantic_v3_q0341,,NEEDS_REAL_CONTENT_ID,Map this semantic seed item to an existing app content_id before importing.
semantic_v3_q0342,,NEEDS_REAL_CONTENT_ID,Map this semantic seed item to an existing app content_id before importing.
semantic_v3_q0343,,NEEDS_REAL_CONTENT_ID,Map this semantic seed item to an existing app content_id before importing.
semantic_v3_q0344,,NEEDS_REAL_CONTENT_ID,Map this semantic seed item to an existing app content_id before importing.
semantic_v3_q0345,,NEEDS_REAL_CONTENT_ID,Map this semantic seed item to an existing app content_id before importing.
semantic_v3_q0346,,NEEDS_REAL_CONTENT_ID,Map this semantic seed item to an existing app content_id before importing.
semantic_v3_q0347,,NEEDS_REAL_CONTENT_ID,Map this semantic seed item to an existing app content_id before importing.
semantic_v3_q0348,,NEEDS_REAL_CONTENT_ID,Map this semantic seed item to an existing app content_id before importing.
semantic_v3_q0349,,NEEDS_REAL_CONTENT_ID,Map this semantic seed item to an existing app content_id before importing.
semantic_v3_q0350,,NEEDS_REAL_CONTENT_ID,Map this semantic seed item to an existing app content_id before importing.
semantic_v3_q0351,,NEEDS_REAL_CONTENT_ID,Map this semantic seed item to an existing app content_id before importing.
semantic_v3_q0352,,NEEDS_REAL_CONTENT_ID,Map this semantic seed item to an existing app content_id before importing.
semantic_v3_q0353,,NEEDS_REAL_CONTENT_ID,Map this semantic seed item to an existing app content_id before importing.
semantic_v3_q0354,,NEEDS_REAL_CONTENT_ID,Map this semantic seed item to an existing app content_id before importing.
semantic_v3_q0355,,NEEDS_REAL_CONTENT_ID,Map this semantic seed item to an existing app content_id before importing.
semantic_v3_q0356,,NEEDS_REAL_CONTENT_ID,Map this semantic seed item to an existing app content_id before importing.
semantic_v3_q0357,,NEEDS_REAL_CONTENT_ID,Map this semantic seed item to an existing app content_id before importing.
semantic_v3_q0358,,NEEDS_REAL_CONTENT_ID,Map this semantic seed item to an existing app content_id before importing.
semantic_v3_q0359,,NEEDS_REAL_CONTENT_ID,Map this semantic seed item to an existing app content_id before importing.
semantic_v3_q0360,,NEEDS_REAL_CONTENT_ID,Map this semantic seed item to an existing app content_id before importing.
semantic_v3_q0361,,NEEDS_REAL_CONTENT_ID,Map this semantic seed item to an existing app content_id before importing.
semantic_v3_q0362,,NEEDS_REAL_CONTENT_ID,Map this semantic seed item to an existing app content_id before importing.
semantic_v3_q0363,,NEEDS_REAL_CONTENT_ID,Map this semantic seed item to an existing app content_id before importing.
semantic_v3_q0364,,NEEDS_REAL_CONTENT_ID,Map this semantic seed item to an existing app content_id before importing.
semantic_v3_q0365,,NEEDS_REAL_CONTENT_ID,Map this semantic seed item to an existing app content_id before importing.
semantic_v3_q0366,,NEEDS_REAL_CONTENT_ID,Map this semantic seed item to an existing app content_id before importing.
semantic_v3_q0367,,NEEDS_REAL_CONTENT_ID,Map this semantic seed item to an existing app content_id before importing.
semantic_v3_q0368,,NEEDS_REAL_CONTENT_ID,Map this semantic seed item to an existing app content_id before importing.
semantic_v3_q0369,,NEEDS_REAL_CONTENT_ID,Map this semantic seed item to an existing app content_id before importing.
semantic_v3_q0370,,NEEDS_REAL_CONTENT_ID,Map this semantic seed item to an existing app content_id before importing.
semantic_v3_q0371,,NEEDS_REAL_CONTENT_ID,Map this semantic seed item to an existing app content_id before importing.
semantic_v3_q0372,,NEEDS_REAL_CONTENT_ID,Map this semantic seed item to an existing app content_id before importing.
semantic_v3_q0373,,NEEDS_REAL_CONTENT_ID,Map this semantic seed item to an existing app content_id before importing.
semantic_v3_q0374,,NEEDS_REAL_CONTENT_ID,Map this semantic seed item to an existing app content_id before importing.
semantic_v3_q0375,,NEEDS_REAL_CONTENT_ID,Map this semantic seed item to an existing app content_id before importing.
semantic_v3_q0376,,NEEDS_REAL_CONTENT_ID,Map this semantic seed item to an existing app content_id before importing.
semantic_v3_q0377,,NEEDS_REAL_CONTENT_ID,Map this semantic seed item to an existing app content_id before importing.
semantic_v3_q0378,,NEEDS_REAL_CONTENT_ID,Map this semantic seed item to an existing app content_id before importing.
semantic_v3_q0379,,NEEDS_REAL_CONTENT_ID,Map this semantic seed item to an existing app content_id before importing.
semantic_v3_q0380,,NEEDS_REAL_CONTENT_ID,Map this semantic seed item to an existing app content_id before importing.
semantic_v3_q0381,,NEEDS_REAL_CONTENT_ID,Map this semantic seed item to an existing app content_id before importing.
semantic_v3_q0382,,NEEDS_REAL_CONTENT_ID,Map this semantic seed item to an existing app content_id before importing.
semantic_v3_q0383,,NEEDS_REAL_CONTENT_ID,Map this semantic seed item to an existing app content_id before importing.
semantic_v3_q0384,,NEEDS_REAL_CONTENT_ID,Map this semantic seed item to an existing app content_id before importing.
semantic_v3_q0385,,NEEDS_REAL_CONTENT_ID,Map this semantic seed item to an existing app content_id before importing.
semantic_v3_q0386,,NEEDS_REAL_CONTENT_ID,Map this semantic seed item to an existing app content_id before importing.
semantic_v3_q0387,,NEEDS_REAL_CONTENT_ID,Map this semantic seed item to an existing app content_id before importing.
semantic_v3_q0388,,NEEDS_REAL_CONTENT_ID,Map this semantic seed item to an existing app content_id before importing.
semantic_v3_q0389,,NEEDS_REAL_CONTENT_ID,Map this semantic seed item to an existing app content_id before importing.
semantic_v3_q0390,,NEEDS_REAL_CONTENT_ID,Map this semantic seed item to an existing app content_id before importing.
semantic_v3_q0391,,NEEDS_REAL_CONTENT_ID,Map this semantic seed item to an existing app content_id before importing.
semantic_v3_q0392,,NEEDS_REAL_CONTENT_ID,Map this semantic seed item to an existing app content_id before importing.
semantic_v3_q0393,,NEEDS_REAL_CONTENT_ID,Map this semantic seed item to an existing app content_id before importing.
semantic_v3_q0394,,NEEDS_REAL_CONTENT_ID,Map this semantic seed item to an existing app content_id before importing.
semantic_v3_q0395,,NEEDS_REAL_CONTENT_ID,Map this semantic seed item to an existing app content_id before importing.
semantic_v3_q0396,,NEEDS_REAL_CONTENT_ID,Map this semantic seed item to an existing app content_id before importing.
semantic_v3_q0397,,NEEDS_REAL_CONTENT_ID,Map this semantic seed item to an existing app content_id before importing.
semantic_v3_q0398,,NEEDS_REAL_CONTENT_ID,Map this semantic seed item to an existing app content_id before importing.
semantic_v3_q0399,,NEEDS_REAL_CONTENT_ID,Map this semantic seed item to an existing app content_id before importing.
semantic_v3_q0400,,NEEDS_REAL_CONTENT_ID,Map this semantic seed item to an existing app content_id before importing.
semantic_v3_q0401,,NEEDS_REAL_CONTENT_ID,Map this semantic seed item to an existing app content_id before importing.
semantic_v3_q0402,,NEEDS_REAL_CONTENT_ID,Map this semantic seed item to an existing app content_id before importing.
semantic_v3_q0403,,NEEDS_REAL_CONTENT_ID,Map this semantic seed item to an existing app content_id before importing.
semantic_v3_q0404,,NEEDS_REAL_CONTENT_ID,Map this semantic seed item to an existing app content_id before importing.
semantic_v3_q0405,,NEEDS_REAL_CONTENT_ID,Map this semantic seed item to an existing app content_id before importing.
semantic_v3_q0406,,NEEDS_REAL_CONTENT_ID,Map this semantic seed item to an existing app content_id before importing.
semantic_v3_q0407,,NEEDS_REAL_CONTENT_ID,Map this semantic seed item to an existing app content_id before importing.
semantic_v3_q0408,,NEEDS_REAL_CONTENT_ID,Map this semantic seed item to an existing app content_id before importing.
semantic_v3_q0409,,NEEDS_REAL_CONTENT_ID,Map this semantic seed item to an existing app content_id before importing.
semantic_v3_q0410,,NEEDS_REAL_CONTENT_ID,Map this semantic seed item to an existing app content_id before importing.
semantic_v3_q0411,,NEEDS_REAL_CONTENT_ID,Map this semantic seed item to an existing app content_id before importing.
semantic_v3_q0412,,NEEDS_REAL_CONTENT_ID,Map this semantic seed item to an existing app content_id before importing.
semantic_v3_q0413,,NEEDS_REAL_CONTENT_ID,Map this semantic seed item to an existing app content_id before importing.
semantic_v3_q0414,,NEEDS_REAL_CONTENT_ID,Map this semantic seed item to an existing app content_id before importing.
semantic_v3_q0415,,NEEDS_REAL_CONTENT_ID,Map this semantic seed item to an existing app content_id before importing.
semantic_v3_q0416,,NEEDS_REAL_CONTENT_ID,Map this semantic seed item to an existing app content_id before importing.
semantic_v3_q0417,,NEEDS_REAL_CONTENT_ID,Map this semantic seed item to an existing app content_id before importing.
semantic_v3_q0418,,NEEDS_REAL_CONTENT_ID,Map this semantic seed item to an existing app content_id before importing.
semantic_v3_q0419,,NEEDS_REAL_CONTENT_ID,Map this semantic seed item to an existing app content_id before importing.
semantic_v3_q0420,,NEEDS_REAL_CONTENT_ID,Map this semantic seed item to an existing app content_id before importing.
semantic_v3_q0421,,NEEDS_REAL_CONTENT_ID,Map this semantic seed item to an existing app content_id before importing.
semantic_v3_q0422,,NEEDS_REAL_CONTENT_ID,Map this semantic seed item to an existing app content_id before importing.
semantic_v3_q0423,,NEEDS_REAL_CONTENT_ID,Map this semantic seed item to an existing app content_id before importing.
semantic_v3_q0424,,NEEDS_REAL_CONTENT_ID,Map this semantic seed item to an existing app content_id before importing.
semantic_v3_q0425,,NEEDS_REAL_CONTENT_ID,Map this semantic seed item to an existing app content_id before importing.
semantic_v3_q0426,,NEEDS_REAL_CONTENT_ID,Map this semantic seed item to an existing app content_id before importing.
semantic_v3_q0427,,NEEDS_REAL_CONTENT_ID,Map this semantic seed item to an existing app content_id before importing.
semantic_v3_q0428,,NEEDS_REAL_CONTENT_ID,Map this semantic seed item to an existing app content_id before importing.
semantic_v3_q0429,,NEEDS_REAL_CONTENT_ID,Map this semantic seed item to an existing app content_id before importing.
semantic_v3_q0430,,NEEDS_REAL_CONTENT_ID,Map this semantic seed item to an existing app content_id before importing.
semantic_v3_q0431,,NEEDS_REAL_CONTENT_ID,Map this semantic seed item to an existing app content_id before importing.
semantic_v3_q0432,,NEEDS_REAL_CONTENT_ID,Map this semantic seed item to an existing app content_id before importing.
semantic_v3_q0433,,NEEDS_REAL_CONTENT_ID,Map this semantic seed item to an existing app content_id before importing.
semantic_v3_q0434,,NEEDS_REAL_CONTENT_ID,Map this semantic seed item to an existing app content_id before importing.
semantic_v3_q0435,,NEEDS_REAL_CONTENT_ID,Map this semantic seed item to an existing app content_id before importing.
semantic_v3_q0436,,NEEDS_REAL_CONTENT_ID,Map this semantic seed item to an existing app content_id before importing.
semantic_v3_q0437,,NEEDS_REAL_CONTENT_ID,Map this semantic seed item to an existing app content_id before importing.
semantic_v3_q0438,,NEEDS_REAL_CONTENT_ID,Map this semantic seed item to an existing app content_id before importing.
semantic_v3_q0439,,NEEDS_REAL_CONTENT_ID,Map this semantic seed item to an existing app content_id before importing.
semantic_v3_q0440,,NEEDS_REAL_CONTENT_ID,Map this semantic seed item to an existing app content_id before importing.
semantic_v3_q0441,,NEEDS_REAL_CONTENT_ID,Map this semantic seed item to an existing app content_id before importing.
semantic_v3_q0442,,NEEDS_REAL_CONTENT_ID,Map this semantic seed item to an existing app content_id before importing.
semantic_v3_q0443,,NEEDS_REAL_CONTENT_ID,Map this semantic seed item to an existing app content_id before importing.
semantic_v3_q0444,,NEEDS_REAL_CONTENT_ID,Map this semantic seed item to an existing app content_id before importing.
semantic_v3_q0445,,NEEDS_REAL_CONTENT_ID,Map this semantic seed item to an existing app content_id before importing.
semantic_v3_q0446,,NEEDS_REAL_CONTENT_ID,Map this semantic seed item to an existing app content_id before importing.
semantic_v3_q0447,,NEEDS_REAL_CONTENT_ID,Map this semantic seed item to an existing app content_id before importing.
semantic_v3_q0448,,NEEDS_REAL_CONTENT_ID,Map this semantic seed item to an existing app content_id before importing.
semantic_v3_q0449,,NEEDS_REAL_CONTENT_ID,Map this semantic seed item to an existing app content_id before importing.
semantic_v3_q0450,,NEEDS_REAL_CONTENT_ID,Map this semantic seed item to an existing app content_id before importing.
semantic_v3_q0451,,NEEDS_REAL_CONTENT_ID,Map this semantic seed item to an existing app content_id before importing.
semantic_v3_q0452,,NEEDS_REAL_CONTENT_ID,Map this semantic seed item to an existing app content_id before importing.
semantic_v3_q0453,,NEEDS_REAL_CONTENT_ID,Map this semantic seed item to an existing app content_id before importing.
semantic_v3_q0454,,NEEDS_REAL_CONTENT_ID,Map this semantic seed item to an existing app content_id before importing.
semantic_v3_q0455,,NEEDS_REAL_CONTENT_ID,Map this semantic seed item to an existing app content_id before importing.
semantic_v3_q0456,,NEEDS_REAL_CONTENT_ID,Map this semantic seed item to an existing app content_id before importing.
semantic_v3_q0457,,NEEDS_REAL_CONTENT_ID,Map this semantic seed item to an existing app content_id before importing.
semantic_v3_q0458,,NEEDS_REAL_CONTENT_ID,Map this semantic seed item to an existing app content_id before importing.
semantic_v3_q0459,,NEEDS_REAL_CONTENT_ID,Map this semantic seed item to an existing app content_id before importing.
semantic_v3_q0460,,NEEDS_REAL_CONTENT_ID,Map this semantic seed item to an existing app content_id before importing.
semantic_v3_q0461,,NEEDS_REAL_CONTENT_ID,Map this semantic seed item to an existing app content_id before importing.
semantic_v3_q0462,,NEEDS_REAL_CONTENT_ID,Map this semantic seed item to an existing app content_id before importing.
semantic_v3_q0463,,NEEDS_REAL_CONTENT_ID,Map this semantic seed item to an existing app content_id before importing.
semantic_v3_q0464,,NEEDS_REAL_CONTENT_ID,Map this semantic seed item to an existing app content_id before importing.
semantic_v3_q0465,,NEEDS_REAL_CONTENT_ID,Map this semantic seed item to an existing app content_id before importing.
semantic_v3_q0466,,NEEDS_REAL_CONTENT_ID,Map this semantic seed item to an existing app content_id before importing.
semantic_v3_q0467,,NEEDS_REAL_CONTENT_ID,Map this semantic seed item to an existing app content_id before importing.
semantic_v3_q0468,,NEEDS_REAL_CONTENT_ID,Map this semantic seed item to an existing app content_id before importing.
semantic_v3_q0469,,NEEDS_REAL_CONTENT_ID,Map this semantic seed item to an existing app content_id before importing.
semantic_v3_q0470,,NEEDS_REAL_CONTENT_ID,Map this semantic seed item to an existing app content_id before importing.
semantic_v3_q0471,,NEEDS_REAL_CONTENT_ID,Map this semantic seed item to an existing app content_id before importing.
semantic_v3_q0472,,NEEDS_REAL_CONTENT_ID,Map this semantic seed item to an existing app content_id before importing.
semantic_v3_q0473,,NEEDS_REAL_CONTENT_ID,Map this semantic seed item to an existing app content_id before importing.
semantic_v3_q0474,,NEEDS_REAL_CONTENT_ID,Map this semantic seed item to an existing app content_id before importing.
semantic_v3_q0475,,NEEDS_REAL_CONTENT_ID,Map this semantic seed item to an existing app content_id before importing.
semantic_v3_q0476,,NEEDS_REAL_CONTENT_ID,Map this semantic seed item to an existing app content_id before importing.
semantic_v3_q0477,,NEEDS_REAL_CONTENT_ID,Map this semantic seed item to an existing app content_id before importing.
semantic_v3_q0478,,NEEDS_REAL_CONTENT_ID,Map this semantic seed item to an existing app content_id before importing.
semantic_v3_q0479,,NEEDS_REAL_CONTENT_ID,Map this semantic seed item to an existing app content_id before importing.
semantic_v3_q0480,,NEEDS_REAL_CONTENT_ID,Map this semantic seed item to an existing app content_id before importing.
semantic_v3_q0481,,NEEDS_REAL_CONTENT_ID,Map this semantic seed item to an existing app content_id before importing.
semantic_v3_q0482,,NEEDS_REAL_CONTENT_ID,Map this semantic seed item to an existing app content_id before importing.
semantic_v3_q0483,,NEEDS_REAL_CONTENT_ID,Map this semantic seed item to an existing app content_id before importing.
semantic_v3_q0484,,NEEDS_REAL_CONTENT_ID,Map this semantic seed item to an existing app content_id before importing.
semantic_v3_q0485,,NEEDS_REAL_CONTENT_ID,Map this semantic seed item to an existing app content_id before importing.
semantic_v3_q0486,,NEEDS_REAL_CONTENT_ID,Map this semantic seed item to an existing app content_id before importing.
semantic_v3_q0487,,NEEDS_REAL_CONTENT_ID,Map this semantic seed item to an existing app content_id before importing.
semantic_v3_q0488,,NEEDS_REAL_CONTENT_ID,Map this semantic seed item to an existing app content_id before importing.
semantic_v3_q0489,,NEEDS_REAL_CONTENT_ID,Map this semantic seed item to an existing app content_id before importing.
semantic_v3_q0490,,NEEDS_REAL_CONTENT_ID,Map this semantic seed item to an existing app content_id before importing.
semantic_v3_q0491,,NEEDS_REAL_CONTENT_ID,Map this semantic seed item to an existing app content_id before importing.
semantic_v3_q0492,,NEEDS_REAL_CONTENT_ID,Map this semantic seed item to an existing app content_id before importing.
semantic_v3_q0493,,NEEDS_REAL_CONTENT_ID,Map this semantic seed item to an existing app content_id before importing.
semantic_v3_q0494,,NEEDS_REAL_CONTENT_ID,Map this semantic seed item to an existing app content_id before importing.
semantic_v3_q0495,,NEEDS_REAL_CONTENT_ID,Map this semantic seed item to an existing app content_id before importing.
semantic_v3_q0496,,NEEDS_REAL_CONTENT_ID,Map this semantic seed item to an existing app content_id before importing.
semantic_v3_q0497,,NEEDS_REAL_CONTENT_ID,Map this semantic seed item to an existing app content_id before importing.
semantic_v3_q0498,,NEEDS_REAL_CONTENT_ID,Map this semantic seed item to an existing app content_id before importing.
semantic_v3_q0499,,NEEDS_REAL_CONTENT_ID,Map this semantic seed item to an existing app content_id before importing.
semantic_v3_q0500,,NEEDS_REAL_CONTENT_ID,Map this semantic seed item to an existing app content_id before importing.
